Car Make,Car Model,Year,Engine Size (L),Horsepower,Torque (lb-ft),0-60 MPH Time (seconds),Price (in USD)
Porsche,911,2022,3,379,331,4,"101,200"
Lamborghini,Huracan,2021,5.2,630,443,2.8,"274,390"
Ferrari,488 GTB,2022,3.9,661,561,3,"333,750"
Audi,R8,2022,5.2,562,406,3.2,"142,700"
McLaren,720S,2021,4,710,568,2.7,"298,000"
BMW,M8,2022,4.4,617,553,3.1,"130,000"
Mercedes-Benz,AMG GT,2021,4,523,494,3.8,"118,500"
Chevrolet,Corvette,2021,6.2,490,465,2.8,"59,900"
Ford,Mustang Shelby GT500,2022,5.2,760,625,3.5,"81,000"
Nissan,GT-R Nismo,2021,3.8,600,481,2.5,"212,000"
Aston Martin,DB11,2021,5.2,630,516,3.5,"201,495"
Bugatti,Chiron,2021,8,1500,1180,2.4,"3,000,000"
Dodge,Challenger SRT Hellcat,2022,6.2,717,656,3.5,"61,000"
Jaguar,F-Type,2022,3,296,295,5.4,"70,100"
Koenigsegg,Jesko,2021,5,1280,1015,2.5,"2,800,000"
Lexus,LC 500,2021,5,471,398,4.4,"92,950"
Lotus,Evora GT,2021,3.5,416,317,3.8,"104,450"
Maserati,GranTurismo,2021,4.7,454,384,4.8,"150,000"
Porsche,Boxster,2021,2,300,280,4.7,"62,000"
Alfa Romeo,Giulia Quadrifoglio,2022,2.9,505,443,3.8,"78,000"
Ariel,Atom,2021,2,320,243,2.8,"75,000"
Bentley,Continental GT,2021,6,626,664,3.6,"225,000"
McLaren,Artura,2022,3,671,531,3,"225,000"
Mercedes-AMG,SLS AMG,2021,6.2,622,468,3.5,"248,000"
Pagani,Huayra,2021,6,720,737,2.8,"2,800,000"
Polestar,1,2021,2,600,738,4.1,"155,000"
Rimac,Nevera,2022,Electric,1914,1696,1.85,"2,400,000"
Porsche,Cayman GT4,2022,4,414,309,3.8,"100,200"
Lamborghini,Aventador SVJ,2021,6.5,759,531,2.8,"517,770"
Ferrari,SF90 Stradale,2021,4,986,590,2.5,"625,000"
Audi,RS7,2022,4,591,590,3.5,"117,000"
McLaren,Artura,2021,3,671,531,3,"225,000"
BMW,M4,2022,3,503,479,3.8,"72,800"
Mercedes-Benz,SLS AMG,2015,6.2,622,468,3.2,"222,000"
Chevrolet,Camaro ZL1,2021,6.2,650,650,3.5,"64,695"
Ford,GT,2022,3.5,660,550,3,"500,000"
Nissan,370Z Nismo,2021,3.7,350,276,4.5,"45,690"
Porsche,Taycan 4S,2022,Electric Motor,562,479,3.8,"104,000"
Lamborghini,Urus,2021,4,641,626,3.5,"218,000"
Ferrari,Roma,2021,3.9,611,561,3.3,"222,000"
Audi,RS3,2022,2.5,394,369,3.9,"57,000"
McLaren,GT,2021,4,612,465,3.1,"210,000"
BMW,i8,2020,1.5 + Electric,369,420,4.2,"148,500"
Mercedes-Benz,CLS63 AMG,2019,4,603,627,3.4,"132,000"
Porsche,Cayman,2021,2,300,280,5.1,"58,900"
Lamborghini,Aventador SVJ,2021,6.5,759,531,2.8,"518,000"
Ferrari,SF90 Stradale,2021,4,986,590,2.5,"625,000"
Audi,RS3,2022,2.5,394,369,3.9,"56,200"
McLaren,570S,2021,3.8,562,443,2.8,"192,500"
BMW,M4,2022,3,503,479,3.8,"71,800"
Mercedes-Benz,AMG C63,2021,4,503,516,3.8,"68,000"
Chevrolet,Camaro SS,2021,6.2,455,455,4.1,"42,500"
Ford,Mustang GT,2022,5,460,420,4.3,"39,000"
Nissan,370Z Nismo,2021,3.7,350,276,4.8,"46,100"
Aston Martin,Vantage,2021,4,503,505,3.5,"142,100"
Lotus,Evora GT,2021,3.5,416,317,3.8,"105,000"
Porsche,Panamera,2021,2.9,325,331,5.1,"87,200"
Lamborghini,Urus,2021,4,641,627,3.2,"218,000"
Ferrari,Roma,2021,3.9,612,560,3.4,"222,000"
Audi,S5,2022,3,349,369,4.4,"52,500"
McLaren,600LT,2021,3.8,592,457,2.8,"241,000"
BMW,M5,2022,4.4,600,553,3.2,"103,500"
Aston Martin,Vantage,2022,4,503,505,3.5,"146,000"
Audi,RS5,2021,2.9,444,443,3.6,"75,400"
BMW,M2,2022,3,405,406,4,"58,900"
Chevrolet,Camaro SS,2021,6.2,455,455,4,"42,900"
Dodge,Challenger SRT Hellcat Redeye,2022,6.2,797,707,3.4,"78,595"
Ford,GT,2021,3.5,660,550,3,"500,000"
Jaguar,F-Type,2022,2,296,295,5.4,"62,750"
Lamborghini,Aventador,2021,6.5,770,531,2.9,"417,826"
Maserati,GranTurismo,2021,4.7,454,384,4.7,"150,980"
McLaren,Artura,2022,3,671,531,3,"225,000"
Mercedes-Benz,C63 AMG,2021,4,503,516,3.8,"70,100"
Nissan,370Z,2021,3.7,332,270,5,"30,090"
Porsche,Panamera,2022,2.9,325,331,5.3,"88,700"
Audi,TT RS,2021,2.5,394,354,3.6,"67,600"
BMW,M4,2022,3,473,406,4.1,"72,800"
Chevrolet,Corvette Stingray,2021,6.2,490,465,2.8,"59,900"
Ferrari,F8 Tributo,2021,3.9,710,568,2.8,"274,280"
Ford,Mustang Mach 1,2021,5,480,420,4.3,"52,915"
Lamborghini,Urus,2021,4,641,627,3.6,"218,009"
Porsche,718 Cayman,2022,2,300,280,4.5,"61,000"
Acura,NSX,2022,3.5,573,476,2.9,"159,495"
Aston Martin,Vantage,2022,4,503,505,3.5,"142,086"
Bentley,Continental GT,2021,6,626,664,3.3,"219,800"
Bugatti,Chiron,2022,8,1500,1180,2.4,"3,000,000"
Dodge,Challenger SRT Hellcat Redeye,2022,6.2,797,707,3.4,"74,290"
Jaguar,F-Type,2022,3,380,339,4.9,"71,900"
Koenigsegg,Jesko,2022,5,1600,1106,2.5,"3,000,000"
Lexus,LC 500,2022,5,471,398,4.4,"92,950"
Lotus,Evora GT,2021,3.5,416,317,3.8,"105,000"
Maserati,GranTurismo,2022,4.7,454,384,4.7,"134,300"
Mazda,MX-5 Miata,2021,2,181,151,6.5,"26,830"
McLaren,GT,2022,4,620,465,3.1,"213,195"
Mercedes-Benz,SLS AMG,2015,6.2,622,468,3.7,"221,580"
Pagani,Huayra,2022,6,764,738,2.8,"2,800,000"
Porsche,718 Cayman GT4,2022,4,414,309,4.2,"100,550"
Rimac,Nevera,2022,Electric,1914,1696,1.95,"2,400,000"
Rolls-Royce,Wraith,2021,6.8,624,605,4.4,"330,000"
Tesla,Roadster,2022,Electric,1000+,737,1.9,"200,000"
Toyota,Supra,2022,3,382,368,3.9,"43,090"
W Motors,Fenyr Supersport,2022,3.8,800,723,2.7,"1,700,000"
Porsche,718 Cayman,2022,2,300,280,4.7,"60,500"
Lamborghini,Aventador,2021,6.5,770,531,2.9,"522,000"
Ferrari,SF90 Stradale,2021,4,986,590,2.5,"625,000"
Audi,TT RS,2022,2.5,394,354,3.4,"67,000"
McLaren,GT,2021,4,612,465,3.1,"212,500"
BMW,M4,2022,3,503,479,3.8,"75,000"
Mercedes-Benz,SL 63 AMG,2021,4,603,664,3.5,"155,000"
Chevrolet,Camaro ZL1,2021,6.2,650,650,3.5,"64,000"
Ford,GT,2022,3.5,660,550,2.8,"500,000"
Nissan,370Z,2021,3.7,332,270,4.7,"31,015"
Aston Martin,DBS Superleggera,2021,5.2,715,664,3.4,"304,995"
Bugatti,Chiron,2021,8,1500,1180,2.4,"3,000,000"
Lotus,Evora GT,2021,3.5,416,317,3.8,"105,000"
McLaren,570S,2021,3.8,562,443,3.2,"192,500"
Porsche,Panamera Turbo S E-Hybrid,2021,4,690,642,3.2,"190,000"
Lamborghini,Urus,2021,4,641,627,3.6,"222,000"
Ferrari,Roma,2021,3.9,611,561,3.3,"222,000"
Audi,RS7,2021,4,591,590,3.5,"115,000"
BMW,M2,2022,3,405,406,4.2,"59,000"
Porsche,Cayman GT4,2022,4,414,309,4.2,"102,100"
Lamborghini,Aventador,2021,6.5,730,509,2.9,"417,826"
Aston Martin,DBS Superleggera,2021,5.2,715,664,3.2,"304,995"
Bentley,Continental GT,2021,6,626,664,3.6,"220,300"
Audi,RS7,2022,4,591,590,3.5,"114,000"
Mercedes-Benz,SLS AMG,2021,6.2,622,468,3.7,"239,100"
McLaren,570S,2021,3.8,562,443,3.1,"192,500"
BMW,M2,2022,3,405,406,4,"58,900"
Chevrolet,Camaro ZL1,2021,6.2,650,650,3.5,"62,500"
Dodge,Challenger SRT Hellcat,2021,6.2,717,656,3.5,"65,290"
Ferrari,Portofino,2021,3.9,592,560,3.5,"219,750"
Porsche,Panamera Turbo S,2022,4,620,604,2.9,"187,700"
Lamborghini,Urus,2021,4,641,627,3.6,"222,004"
Mercedes-Benz,AMG C63,2021,4,469,479,3.8,"71,350"
Aston Martin,Vantage,2021,4,503,505,3.6,"146,000"
Audi,S5,2022,3,349,369,4.4,"52,500"
Porsche,Cayman,2022,2.5,365,309,4.5,"68,900"
Lamborghini,Aventador,2021,6.5,730,507,2.8,"517,770"
Ferrari,F8 Tributo,2022,3.9,710,568,2.9,"276,550"
Audi,TT RS,2021,2.5,394,354,3.6,"67,600"
McLaren,570S,2021,3.8,562,443,3.1,"192,500"
BMW,Z4 M40i,2022,3,382,369,3.9,"63,700"
Mercedes-Benz,SLS AMG,2015,6.2,622,468,3.7,"221,580"
Chevrolet,Camaro SS,2022,6.2,455,455,4.1,"44,000"
Ford,Mustang Mach 1,2021,5,480,420,4,"51,720"
Nissan,370Z Nismo,2021,3.7,350,276,4.9,"45,790"
Porsche,Panamera,2022,2.9,325,331,5.4,"88,550"
Lamborghini,Urus,2021,4,641,627,3.5,"218,009"
Ferrari,Roma,2021,3.9,612,561,3.3,"222,620"
Audi,RS 3,2022,2.5,401,369,3.6,"56,200"
McLaren,GT,2021,4,612,465,3.2,"200,000"
BMW,M2 CS,2022,3,444,406,3.8,"84,595"
Mercedes-Benz,AMG C63,2021,4,503,516,3.8,"77,500"
Chevrolet,Camaro ZL1,2021,6.2,650,650,3.5,"62,500"
Acura,NSX,2021,3.5,573,476,2.7,"157,500"
Aston Martin,DB11,2022,4,503,513,3.7,"204,100"
Bentley,Continental GT,2021,6,626,664,3.4,"220,300"
Bugatti,Chiron,2021,8,1500,1180,2.4,"3,000,000"
Dodge,Viper,2017,8.4,645,600,3.3,"120,000"
Jaguar,F-Type,2022,3,380,339,4.9,"69,900"
Koenigsegg,Jesko,2022,5,1600,1106,2.5,"3,000,000"
Lexus,LC 500,2022,5,471,398,4.4,"92,950"
Lotus,Evora GT,2021,3.5,416,317,3.8,"105,950"
Maserati,GranTurismo,2020,4.7,454,384,4.8,"150,000"
McLaren,570S,2020,3.8,562,443,3.1,"204,550"
Pagani,Huayra,2020,6,720,738,3,"2,700,000"
Porsche,Cayman GT4,2022,4,414,309,4.2,"102,900"
Rimac,C_Two,2022,N/A,1914,1696,1.9,"2,400,000"
Rolls-Royce,Wraith,2021,6.6,624,605,4.3,"330,000"
Shelby,Cobra,1965,7,435,440,4.2,"1,000,000"
Tesla,Model S Plaid,2021,N/A,1020,1050,1.98,"131,190"
Toyota,GR Supra,2022,3,382,368,3.9,"43,090"
TVR,Griffith,2022,5,500,479,3.8,"123,500"
W Motors,Lykan Hypersport,2015,3.7,780,708,2.8,"3,400,000"
Porsche,718 Cayman,2021,2,300,280,4.5,"61,500"
Lamborghini,Aventador SVJ,2021,6.5,770,531,2.8,"518,000"
Ferrari,SF90 Stradale,2022,4,986,590,2.5,"507,000"
Audi,RS 6,2021,4,591,590,3.5,"109,000"
McLaren,GT,2021,4,612,465,3.1,"210,000"
BMW,M2 CS,2022,3,444,406,3.8,"84,595"
Mercedes-Benz,SLS AMG,2015,6.2,622,468,3.6,"228,000"
Chevrolet,Camaro SS,2021,6.2,455,455,4,"42,000"
Ford,GT,2022,3.5,660,550,2.8,"500,000"
Nissan,370Z Nismo,2021,3.7,350,276,5,"45,000"
Porsche,Taycan,2021,Electric,750,774,2.6,"185,000"
Lamborghini,Urus,2021,4,641,627,3.6,"222,004"
Ferrari,F8 Tributo,2021,3.9,710,568,2.9,"276,550"
Audi,RS 3,2022,2.5,401,354,3.5,"56,000"
McLaren,570S,2021,3.8,562,443,3.1,"191,000"
BMW,M5,2022,4.4,600,553,3.2,"104,000"
Mercedes-Benz,AMG C 63,2021,4,469,479,3.9,"69,900"
Chevrolet,Camaro ZL1,2021,6.2,650,650,3.5,"64,000"
Porsche,Taycan,2022,2,402,254,5.1,"81,250"
Lamborghini,Aventador,2021,6.5,730,509,2.9,"517,700"
Aston Martin,DBS Superleggera,2022,5.2,715,663,3.4,"330,000"
Audi,RS 6 Avant,2021,4,591,590,3.5,"109,000"
McLaren,600LT,2021,3.8,592,457,2.8,"242,500"
Mercedes-AMG,C 63 S Coupe,2022,4,503,516,3.7,"77,000"
BMW,M4,2022,3,473,406,4.1,"72,800"
Chevrolet,Camaro ZL1,2021,6.2,650,650,3.5,"62,000"
Dodge,Challenger SRT Hellcat Redeye,2022,6.2,797,707,3.5,"76,000"
Ford,GT,2022,3.5,660,550,2.9,"500,000"
Nissan,370Z,2021,3.7,332,270,4.9,"30,090"
Porsche,Panamera,2022,2.9,325,332,5.3,"87,200"
Lamborghini,Urus,2021,4,641,626,3.5,"218,000"
Bugatti,Chiron,2021,8,1500,1180,2.3,"3,000,000"
Ferrari,F8 Tributo,2021,3.9,710,568,2.9,"274,280"
Audi,RS 7,2021,4,591,590,3.5,"114,000"
McLaren,570S,2021,3.8,562,443,3.1,"191,000"
Aston Martin,Vantage,2022,4,503,505,3.5,"142,086"
Jaguar,F-Type,2022,5,575,516,3.5,"103,200"
Porsche,Panamera Turbo S,2021,4,620,604,2.9,"177,700"
Lamborghini,Aventador S,2021,6.5,729,509,2.9,"417,650"
Ferrari,SF90 Stradale,2021,4,986,590,2.5,"625,000"
Audi,RS7,2022,4,591,590,3.5,"115,045"
McLaren,600LT,2021,3.8,592,457,2.9,"256,500"
BMW,M2 Competition,2022,3,405,406,4,"59,895"
Mercedes-Benz,S63 AMG,2021,4,603,664,3.4,"152,500"
Chevrolet,Camaro ZL1,2021,6.2,650,650,3.5,"64,695"
Dodge,Challenger SRT Hellcat,2022,6.2,717,656,3.5,"69,995"
Ford,GT,2022,3.5,660,550,2.9,"500,000"
Porsche,Taycan Turbo S,2021,N/A,750,774,2.6,"185,000"
Lamborghini,Urus,2021,4,641,627,3.2,"218,009"
Ferrari,812 Superfast,2021,6.5,789,530,2.9,"363,730"
Audi,R8 Spyder,2022,5.2,562,406,3.5,"183,300"
McLaren,GT,2021,4,612,465,3.1,"210,000"
BMW,M4,2022,3,473,406,4.1,"73,795"
Mercedes-Benz,AMG GT R,2021,4,577,516,3.5,"183,000"
Chevrolet,Corvette Stingray,2021,6.2,495,470,2.9,"60,995"
Aston Martin,DB11,2022,5.2,630,516,3.5,"207,000"
Bentley,Continental GT,2022,6,626,664,3.5,"203,825"
Jaguar,F-Type R,2021,5,575,516,3.5,"103,200"
Acura,NSX,2022,3.5,573,476,2.7,"157,500"
Lotus,Evora GT,2021,3.5,416,317,3.7,"99,800"
Porsche,Cayman GT4,2021,4,414,309,4.2,"100,200"
Alfa Romeo,4C,2020,1.7,237,258,4.1,"67,150"
Audi,RS5,2022,2.9,444,443,3.7,"77,250"
BMW,M2 Competition,2021,3,405,406,4,"58,900"
Chevrolet,Camaro ZL1,2021,6.2,650,650,3.5,"64,695"
Dodge,Charger SRT Hellcat,2022,6.2,717,650,3.6,"71,490"
Ford,GT,2022,3.5,660,550,2.8,"500,000"
Lexus,LC 500,2022,5,471,398,4.4,"92,950"
Maserati,GranTurismo,2020,4.7,454,384,4.8,"150,400"
Nissan,370Z Nismo,2021,3.7,350,276,4.6,"47,820"
Rolls-Royce,Wraith,2022,6.8,624,605,4.4,"330,000"
Subaru,WRX STI,2021,2.5,310,290,4.6,"38,170"
Tesla,Model S Plaid,2022,N/A,1020,1050,1.9,"131,190"
Porsche,Cayman GT4,2021,4,414,309,4.2,"102,000"
Lamborghini,Aventador,2021,6.5,729,507,2.9,"393,695"
Ferrari,Portofino,2022,3.9,591,413,3.3,"218,750"
Audi,RS7,2021,4,591,590,3.5,"114,000"
McLaren,600LT,2021,3.8,592,457,2.8,"256,500"
BMW,M2,2022,3,405,406,4,"58,900"
Mercedes-Benz,AMG GT,2021,4,523,494,3.8,"118,500"
Chevrolet,Camaro SS,2021,6.2,455,455,4.1,"40,590"
Ford,Mustang Mach 1,2021,5,480,420,4,"52,720"
Nissan,370Z Nismo,2021,3.7,350,276,4.6,"45,000"
Porsche,Panamera Turbo,2022,4,620,604,3.1,"174,300"
Lamborghini,Urus,2021,4,641,627,3.2,"222,004"
Ferrari,SF90 Stradale,2022,4,986,590,2.5,"625,000"
Audi,TT RS,2022,2.5,394,354,3.4,"67,895"
McLaren,GT,2021,4,612,465,3.1,"210,000"
Dodge,Challenger SRT Hellcat,2021,6.2,717,656,3.5,"62,290"
Aston Martin,DBS Superleggera,2021,5.2,715,663,3.2,"304,995"
Jaguar,F-Type R,2021,5,575,516,3.5,"103,200"
Lexus,LC 500,2022,5,471,398,4.4,"93,050"
Porsche,Cayman GT4,2022,4,414,309,4.2,"101,200"
BMW,M2 Competition,2022,3,405,406,4,"59,895"
Audi,RS 5 Coupe,2021,2.9,444,443,3.7,"75,100"
Chevrolet,Camaro ZL1,2021,6.2,650,650,3.5,"64,195"
Lotus,Evora GT,2022,3.5,416,317,3.8,"105,000"
McLaren,GT,2021,4,612,465,3.1,"211,000"
Mercedes-Benz,SLS AMG Black Series,2014,6.2,622,468,3.5,"275,000"
Bugatti,Chiron,2021,8,1500,1180,2.4,"2,998,000"
Koenigsegg,Jesko,2021,5,1280,1015,2.5,"3,000,000"
Ferrari,SF90 Stradale,2021,4,986,590,2.5,"625,000"
Lamborghini,Aventador SVJ,2020,6.5,770,531,2.8,"573,966"
Rimac,C_Two,2022,Electric,1914,1732,1.85,"2,400,000"
Pagani,Huayra Roadster BC,2021,6,791,774,2.5,"3,500,000"
Pininfarina,Battista,2022,Electric,1874,1696,1.9,"2,500,000"
Acura,NSX,2022,3.5,573,476,2.9,"157,500"
Aston Martin,Vantage,2021,4,503,505,3.5,"146,000"
Bentley,Continental GT,2022,4,542,568,3.9,"219,800"
Dodge,Challenger SRT Hellcat,2022,6.2,717,656,3.5,"70,000"
Jaguar,F-Type,2022,2,296,295,5.4,"61,600"
Kia,Stinger,2022,3.3,368,376,4.7,"52,200"
Lotus,Evora GT,2021,3.5,416,317,3.8,"100,450"
Maserati,GranTurismo,2021,4.7,454,384,4.8,"134,300"
Porsche,718 Cayman GT4,2022,4,414,309,4.2,"102,550"
Alfa Romeo,Giulia Quadrifoglio,2021,2.9,505,443,3.8,"76,400"
Audi,RS7,2021,4,591,590,3.5,"114,000"
BMW,M5,2022,4.4,600,553,3.2,"103,500"
Chevrolet,Camaro ZL1,2022,6.2,650,650,3.5,"69,000"
Ford,GT,2022,3.5,660,550,3,"500,000"
Lamborghini,Aventador,2021,6.5,770,531,2.8,"417,826"
McLaren,Artura,2021,3,671,531,3,"225,000"
Mercedes-Benz,SLS AMG,2021,4,577,516,3.6,"247,500"
Nissan,370Z Nismo,2021,3.7,350,276,4.8,"45,790"
Porsche,Taycan,2022,Electric,616,774,2.6,"79,900"
Tesla,Model S,2022,Electric,1020,1050,1.98,"119,000"
Aston Martin,DBS Superleggera,2022,5.2,715,664,3.2,"307,820"
Bentley,Continental GT,2022,4,542,568,3.4,"207,825"
Bugatti,Chiron,2021,8,1479,1180,2.3,"2,998,000"
McLaren,570S,2021,3.8,562,443,3.1,"202,500"
Porsche,Taycan Turbo S,2021,Electric,750,774,2.6,"185,000"
Lamborghini,Aventador S,2021,6.5,730,509,2.9,"417,826"
Ferrari,F8 Tributo,2022,3.9,710,568,2.8,"276,550"
Audi,RS 7,2022,4,591,590,3.5,"114,000"
BMW,M2 CS,2022,3,444,406,4,"84,595"
Mercedes-Benz,SLS AMG,2021,6.2,622,468,3.2,"275,000"
Chevrolet,Camaro ZL1,2021,6.2,650,650,3.5,"63,000"
Ford,GT,2022,3.5,660,550,3,"500,000"
Jaguar,F-Type,2021,5,575,516,3.5,"103,200"
Lotus,Evora GT,2021,3.5,416,317,3.8,"96,950"
Maserati,GranTurismo,2022,4.7,454,384,4.8,"134,300"
McLaren,765LT,2021,4,755,590,2.8,"358,000"
Nissan,370Z,2021,3.7,332,270,5,"30,000"
Pagani,Huayra,2021,6,730,738,3,"2,600,000"
Porsche,Panamera Turbo S,2021,4,620,604,2.9,"180,000"
Tesla,Model S Plaid,2021,Electric,1020,1050,1.9,"131,100"
Aston Martin,DB11,2021,4,503,513,4,"201,495"
Dodge,Challenger Hellcat Redeye,2022,6.2,797,707,3.4,"82,190"
Lotus,Evora,2021,3.5,416,317,3.8,"96,950"
Acura,NSX,2021,3.5,573,476,2.7,"159,495"
Alfa Romeo,Giulia Quadrifoglio,2021,2.9,505,443,3.8,"76,950"
Bentley,Continental GT,2021,6,626,664,3.3,"202,500"
Jaguar,F-Type,2022,3,380,339,4.9,"70,100"
Koenigsegg,Jesko,2022,5,1280,1015,2.5,"3,000,000"
Lexus,LC 500,2021,5,471,398,4.4,"92,950"
Maserati,GranTurismo,2022,4.7,454,384,4.8,"132,795"
McLaren,GT,2022,4,612,465,3.1,"215,500"
Mercedes-AMG,C 63 S Coupe,2022,4,503,516,3.7,"80,900"
Porsche,718 Cayman,2021,2,300,280,4.9,"59,900"
Rolls-Royce,Wraith,2021,6.8,624,605,4.3,"330,000"
Tesla,Roadster,2022,-,1000+,-,1.9,"200,000"
Chevrolet,Camaro SS,2021,6.2,455,455,4,"40,000"
Ford,GT,2022,3.5,660,550,3,"500,000"
Acura,NSX,2022,3.5,573,476,2.7,"157,500"
Aston Martin,DB11,2021,5.2,630,516,3.7,"209,000"
Bentley,Continental GT,2022,4,542,568,3.9,"202,500"
Bugatti,Chiron,2021,8,1500,1180,2.4,"3,000,000"
Dodge,Challenger Hellcat,2022,6.2,717,656,3.5,"67,500"
Jaguar,F-Type,2021,5,575,516,3.5,"103,200"
Koenigsegg,Jesko,2022,5,1280,1106,2.5,"2,800,000"
Lexus,LC,2021,5,471,398,4.4,"92,950"
Lotus,Evora GT,2021,3.5,416,317,3.8,"104,200"
Maserati,GranTurismo,2021,4.7,454,384,4.7,"133,050"
McLaren,570S,2021,3.8,562,443,3.1,"196,350"
Mercedes-Benz,AMG C63,2022,4,503,516,3.8,"69,900"
Pagani,Huayra BC,2021,6,791,774,2.7,"2,600,000"
Porsche,Cayman GT4,2022,4,414,309,4.2,"102,900"
Rimac,Nevera,2022,Electric,1914,1696,1.85,"2,400,000"
Rolls-Royce,Wraith,2021,6.7,624,605,4.4,"338,000"
Tesla,Roadster,2022,Electric,1000+,"10,000+",1.9,"200,000"
Acura,NSX,2022,3.5,573,476,2.7,"157,500"
Aston Martin,Vantage,2021,4,503,505,3.5,"150,000"
Bentley,Continental GT,2021,6,626,664,3.6,"218,400"
Dodge,Challenger SRT Hellcat Redeye,2021,6.2,797,707,3.5,"73,000"
Jaguar,F-Type R,2022,5,575,516,3.5,"103,200"
Lexus,LC 500,2021,5,471,398,4.4,"92,950"
Lotus,Evora GT,2021,3.5,416,317,3.8,"104,970"
Maserati,GranTurismo,2021,4.7,454,384,4.8,"132,400"
Porsche,Cayman GT4,2021,4,414,309,4.2,"101,200"
Tesla,Roadster,2023,Electric,"1,000+",737,< 1.9,"200,000"
Alpine,A110,2021,1.8,288,236,4.4,"71,500"
Audi,RS7,2021,4,591,590,3.5,"114,000"
BMW,M4,2021,3,473,406,4.1,"71,800"
Chevrolet,Camaro ZL1,2021,6.2,650,650,3.5,"64,195"
Dodge,Viper,2017,8.4,645,600,3.3,"118,795"
Ferrari,Portofino,2021,3.9,591,560,3.5,"218,750"
Jaguar,F-Type,2022,3,296,295,5.4,"61,600"
Lamborghini,Aventador SVJ,2021,6.5,770,531,2.8,"517,700"
McLaren,600LT,2021,3.8,592,457,2.8,"240,000"
Aston Martin,DB11,2021,5.2,630,516,3.5,"221,400"
Bentley,Continental GT,2021,6,626,664,3.6,"202,500"
Bugatti,Chiron,2022,8,1500,1180,2.4,"3,000,000"
Dodge,Challenger SRT Hellcat,2021,6.2,717,656,3.5,"64,100"
Jaguar,F-Type R,2022,5,575,516,3.5,"103,200"
Koenigsegg,Jesko,2022,5,1280,1015,2.5,"2,800,000"
Lexus,LC 500,2021,5,471,398,4.4,"92,950"
Lotus,Evora GT,2021,3.5,416,317,3.8,"100,450"
Maserati,GranTurismo,2021,4.7,454,384,4.8,"150,980"
McLaren,Artura,2022,3,671,531,3,"225,000"
Mercedes-AMG,C 63 S,2022,4,503,516,3.7,"81,550"
Pagani,Huayra,2021,6,764,738,2.8,"3,500,000"
Porsche,Cayman GT4,2021,4,414,309,4.2,"102,550"
Rimac,C_Two,2022,N/A,1888,1696,1.8,"2,400,000"
Rolls-Royce,Wraith,2021,6.6,624,642,4.4,"330,000"
Tesla,Roadster,2022,N/A,10000+,0,1.9,"200,000"
Toyota,Supra,2022,3,382,368,3.9,"43,090"
Acura,NSX,2021,3.5,573,476,2.7,"157,500"
Aston Martin,Vantage,2021,4,503,505,3.5,"146,000"
Bentley,Continental GT,2022,4,542,568,3.9,"207,825"
Dodge,Challenger SRT Hellcat,2021,6.2,717,656,3.5,"64,195"
Jaguar,F-Type,2022,3,380,339,4.8,"62,250"
Lexus,LC 500,2022,5,471,398,4.4,"92,000"
Lotus,Evora GT,2021,3.5,416,317,3.8,"105,000"
Maserati,GranTurismo,2022,4.7,454,384,4.7,"134,300"
McLaren,570S,2022,3.8,562,443,2.9,"204,550"
Porsche,Cayman GT4,2021,4,414,309,4.2,"102,000"
Tesla,Model S Plaid,2021,Electric (tri-motor),1020,1050,1.9,"141,190"
Audi,RS 5,2021,2.9,444,443,3.5,"75,100"
BMW,M2 Competition,2022,3,405,406,4,"59,895"
Chevrolet,Camaro ZL1,2021,6.2,650,650,3.5,"64,995"
Dodge,Viper ACR,2017,8.4,645,600,3.3,"126,190"
Ford,GT,2021,3.5,660,550,2.9,"500,000"
Porsche,Taycan 4S,2022,2.5,482,472,3.8,"102,900"
Lamborghini,Aventador S,2021,6.5,730,509,2.9,"417,650"
Aston Martin,DB11,2021,5.2,630,516,3.5,"205,000"
Alfa Romeo,Giulia Quadrifoglio,2022,2.9,505,443,3.8,"81,250"
Audi,RS7 Sportback,2022,4,591,590,3.5,"115,045"
BMW,M4 Competition,2021,3,503,479,3.9,"75,695"
Chevrolet,Camaro SS,2022,6.2,455,455,4.1,"42,000"
Dodge,Charger Hellcat,2021,6.2,717,650,3.6,"71,490"
Ferrari,F8 Tributo,2021,3.9,710,568,2.9,"274,280"
Ford,GT,2021,3.5,660,550,2.8,"500,000"
Jaguar,F-Type R,2021,5,575,516,3.5,"103,200"
Koenigsegg,Jesko Absolut,2022,5,1600,1106,2.1,"2,800,000"
Lexus,LC 500,2021,5,471,398,4.4,"93,050"
Lotus,Evija,2022,Electric,1973,1254,2.5,"2,750,000"
McLaren,GT,2022,4,612,465,3.2,"210,000"
Mercedes-Benz,AMG GT Black Series,2021,4,720,590,3.2,"326,050"
Porsche,Cayman GT4,2021,4,414,309,4.2,"102,500"
Lamborghini,Aventador,2021,6.5,770,531,2.8,"417,650"
Ferrari,Portofino,2021,3.9,591,560,3.3,"218,750"
Audi,TT RS,2022,2.5,394,354,3.6,"69,000"
McLaren,600LT Spider,2021,3.8,592,457,2.8,"256,500"
BMW,M4,2022,3,473,406,4.1,"72,800"
Mercedes-Benz,AMG C 63,2022,4,503,516,3.8,"70,000"
Chevrolet,Camaro SS 1LE,2021,6.2,455,455,4,"44,500"
Ford,Mustang Mach 1,2021,5,480,420,4,"51,000"
Nissan,370Z Nismo,2021,3.7,350,276,5.2,"45,000"
Aston Martin,Vantage,2021,4,503,505,3.5,"146,000"
Bugatti,Chiron,2022,8,1500,1180,2.4,"3,000,000"
Koenigsegg,Jesko,2021,5,1262,1106,2.5,"3,000,000"
Pagani,Huayra,2021,6,764,738,2.6,"2,600,000"
McLaren,Speedtail,2021,4,1035,848,2.5,"2,300,000"
Lamborghini,Sián,2021,6.5,819,531,2.8,"3,600,000"
Rimac,C_Two,2021,Electric,1914,1732,1.8,"2,400,000"
Porsche,Cayman,2022,2,300,280,4.9,"59,900"
Lamborghini,Aventador,2021,6.5,770,531,2.8,"393,695"
Ferrari,Portofino,2021,3.9,591,413,3.5,"215,000"
Audi,RS 5,2022,2.9,444,443,3.7,"75,100"
McLaren,GT,2021,4,620,465,3.1,"210,000"
BMW,Z4 M40i,2022,3,382,369,4.3,"63,700"
Mercedes-Benz,SLC 43,2020,3,385,384,4.6,"62,000"
Chevrolet,Camaro SS,2022,6.2,455,455,4.3,"42,500"
Ford,Mustang GT,2022,5,460,420,4.3,"36,120"
Nissan,370Z Nismo,2020,3.7,350,276,4.6,"45,790"
Aston Martin,Vantage,2022,4,503,505,3.6,"146,000"
Bentley,Continental GT,2021,4,626,664,3.3,"220,000"
Porsche,718 Boxster,2022,2,300,280,4.9,"62,000"
Lamborghini,Urus,2021,4,641,627,3.6,"222,004"
Ferrari,F8 Spider,2021,3.9,710,568,2.9,"280,000"
Audi,TT RS,2022,2.5,394,354,3.6,"69,900"
McLaren,570S,2021,3.8,562,443,2.9,"208,800"
BMW,M4,2022,3,473,406,4,"72,800"
Porsche,718 Cayman,2022,2,300,280,4.9,"60,500"
Lamborghini,Aventador,2021,6.5,730,509,2.9,"393,695"
Ferrari,SF90 Stradale,2022,4,986,590,2.5,"625,000"
Audi,RS5,2022,2.9,444,443,3.7,"75,100"
McLaren,GT,2021,4,612,465,3.2,"208,800"
BMW,M2,2022,3,405,406,4,"58,900"
Mercedes-Benz,SLS AMG,2015,6.2,622,468,3.6,"229,000"
Chevrolet,Camaro ZL1,2021,6.2,650,650,3.5,"62,000"
Ford,GT,2022,3.5,660,550,3,"500,000"
Nissan,370Z Nismo,2020,3.7,350,276,5.2,"46,200"
Dodge,Challenger SRT Hellcat,2021,6.2,717,656,3.6,"71,000"
Aston Martin,DBS Superleggera,2021,5.2,715,663,3.2,"308,000"
Alfa Romeo,Giulia Quadrifoglio,2022,2.9,505,443,3.8,"80,500"
Jaguar,F-Type R,2021,5,575,516,3.5,"105,900"
Lotus,Evora GT,2020,3.5,416,317,3.8,"96,950"
Maserati,GranTurismo,2019,4.7,454,384,4.7,"150,980"
Porsche,Panamera Turbo S,2022,4,630,604,2.9,"180,800"
Lamborghini,Urus,2021,4,641,627,3.2,"218,000"
Aston Martin,Vantage,2021,4,503,505,3.5,"146,000"
Lotus,Evora,2021,3.5,416,317,3.8,"94,000"
Alfa Romeo,4C Spider,2020,1.7,237,258,4.1,"67,150"
Jaguar,F-Type,2022,3,380,339,4.9,"70,900"
Maserati,GranTurismo,2021,4.7,454,384,4.7,"134,300"
Porsche,Cayman GT4,2021,4,414,309,4.2,"100,200"
Audi,RS5 Coupe,2022,2.9,444,443,3.7,"76,450"
BMW,M2 Competition,2021,3,405,406,4,"58,900"
Chevrolet,Camaro ZL1,2022,6.2,650,650,3.5,"64,000"
Dodge,Challenger SRT Hellcat,2022,6.2,717,656,3.5,"61,500"
Ford,GT,2021,3.5,647,550,2.8,"500,000"
Lexus,LC 500,2022,5,471,398,4.4,"92,950"
McLaren,570S,2022,3.8,562,443,3.1,"198,950"
Mercedes-AMG,C63 S Coupe,2021,4,503,516,3.7,"77,950"
Nissan,370Z Nismo,2021,3.7,350,276,4.9,"45,790"
Porsche,718 Boxster,2021,2,300,280,4.9,"62,000"
Lamborghini,Aventador S,2021,6.5,729,507,2.9,"417,826"
Ferrari,F8 Tributo,2021,3.9,710,568,2.9,"274,280"
Audi,TT RS Coupe,2021,2.5,394,354,3.6,"67,600"
BMW,M4 Coupe,2021,3,473,406,3.8,"71,800"
Acura,NSX,2021,3.5,573,476,2.7,"159,495"
Aston Martin,DBS Superleggera,2022,5.2,715,664,3.4,"314,500"
Bentley,Continental GT,2022,6,626,664,3.3,"214,425"
Bugatti,Chiron,2022,8,1500,1180,2.3,"3,000,000"
Dodge,Challenger SRT Hellcat,2022,6.2,717,656,3.5,"71,490"
Jaguar,F-Type,2021,5,575,516,3.5,"105,900"
Koenigsegg,Jesko,2021,5,1280,1106,2.5,"2,800,000"
Lexus,LC 500,2021,5,471,398,4.4,"92,950"
Lotus,Evora GT,2021,3.5,416,317,3.8,"104,400"
Maserati,GranTurismo,2022,4.7,454,384,4.7,"150,980"
McLaren,Artura,2022,3,671,531,3,"225,000"
Pagani,Huayra,2021,6,764,738,2.6,"2,600,000"
Porsche,Cayman GT4,2022,4,414,309,4.2,"102,000"
Rimac,C_Two,2021,Electric,1914,1696,1.9,"2,400,000"
Rolls-Royce,Wraith,2021,6.8,624,605,4.4,"335,550"
Tesla,Model S Plaid,2021,Electric,1020,1050,1.9,"141,990"
Toyota,GR Supra,2022,3,382,368,3.9,"43,090"
TVR,Griffith,2021,5,500,420,3.9,"157,500"
Ultima,RS,2021,6.2,1200,1300,2.3,"220,000"
W Motors,Fenyr SuperSport,2022,3.8,800,723,2.7,"1,550,000"
Acura,NSX,2021,3.5,573,476,2.9,"157,500"
Aston Martin,DBS Superleggera,2022,5.2,715,663,3.2,"308,000"
Bentley,Continental GT,2021,6,626,664,3.6,"202,500"
Bugatti,Chiron,2021,8,1500,1180,2.3,"3,000,000"
Dodge,Challenger SRT Hellcat,2021,6.2,717,656,3.5,"65,000"
Jaguar,F-Type,2021,3,380,339,4.9,"63,100"
Lexus,LC 500,2021,5,471,398,4.4,"92,950"
Lotus,Evija,2022,Electric,1973,1254,2.5,"2,600,000"
Maserati,GranTurismo,2021,4.7,454,384,4.8,"134,300"
Porsche,Taycan,2021,Electric,616,774,2.6,"185,000"
Rimac,C_Two,2022,Electric,1914,1696,1.9,"2,400,000"
Tesla,Model S Plaid,2022,Electric,1020,1050,1.98,"140,000"
McLaren,Artura,2022,3,671,531,3,"225,000"
Mercedes-Benz,AMG GT Black Series,2021,4,720,590,3.1,"325,000"
Chevrolet,Camaro ZL1,2021,6.2,650,650,3.5,"63,000"
Ford,GT,2021,3.5,647,550,3,"500,000"
Aston Martin,DBS Superleggera,2021,5.2,715,664,3.4,"307,820"
Jaguar,F-Type,2022,5,575,516,3.5,"103,200"
Dodge,Challenger SRT Hellcat Redeye,2021,6.2,797,707,3.5,"80,190"
Lotus,Evora GT,2022,3.5,416,317,3.8,"105,000"
Alfa Romeo,4C Spider,2020,1.8,237,258,4.1,"68,745"
Subaru,WRX STI,2022,2.5,310,290,5.2,"38,170"
Acura,NSX,2022,3.5,573,476,2.7,"157,500"
Koenigsegg,Jesko,2021,5,1280,1015,2.5,"2,800,000"
Tesla,Model S Plaid,2022,Electric,1020,1050,1.98,"139,990"
Bugatti,Chiron Super Sport 300+,2022,8,1578,1180,2.3,"5,200,000"
McLaren,Senna,2020,4,789,590,2.7,"1,500,000"
Porsche,Taycan Turbo S,2022,Electric,750,774,2.6,"185,000"
Mercedes-Benz,SLS AMG Black Series,2014,6.2,622,468,3.5,"275,000"
Lexus,LC 500,2022,5,471,398,4.4,"93,050"
Chevrolet,Camaro ZL1,2022,6.2,650,650,3.5,"65,000"
Audi,RS 7 Sportback,2022,4,591,590,3.5,"114,000"
Ford,GT,2022,3.5,660,550,3,"500,000"
BMW,M2 CS,2022,3,444,406,3.8,"84,595"
Porsche,Cayman GT4,2022,4,414,309,4.2,"102,550"
Lamborghini,Aventador,2022,6.5,770,531,2.8,"393,695"
Aston Martin,Vantage,2021,4,503,505,3.6,"146,000"
Lotus,Evora GT,2021,3.5,416,317,3.8,"96,950"
Porsche,Panamera Turbo S,2021,4,620,604,2.9,"180,000"
Lamborghini,Aventador S,2022,6.5,729,507,2.9,"460,247"
Ferrari,SF90 Stradale,2021,4,986,590,2.5,"625,000"
Audi,RS 6 Avant,2022,4,591,590,3.1,"110,045"
McLaren,570S,2021,3.8,562,443,3.1,"192,500"
BMW,M5,2022,4.4,600,553,3.2,"103,500"
Mercedes-Benz,AMG C 63 S,2021,4,503,516,3.7,"77,400"
Chevrolet,Camaro ZL1,2021,6.2,650,650,3.5,"64,695"
Dodge,Challenger SRT Hellcat,2021,6.2,717,656,3.5,"64,195"
Ford,GT,2021,3.5,660,550,3,"500,000"
Nissan,370Z Nismo,2020,3.7,350,276,5,"46,815"
Porsche,Cayman GT4,2021,4,414,309,4.2,"102,550"
Audi,TT RS,2021,2.5,394,354,3.6,"67,895"
Chevrolet,Corvette Z06,2023,5.5,625,650,2.6,"85,000"
Lamborghini,Urus,2022,4,641,626,3.2,"218,009"
Mercedes-Benz,AMG GT 63 S,2021,4,630,664,3.1,"162,900"
Ferrari,Portofino M,2022,3.9,612,560,3.5,"245,000"
Bugatti,Chiron,2021,8,1479,1180,2.5,"3,000,000"
Aston Martin,DBS Superleggera,2021,5.2,715,664,3.4,"304,995"
Lotus,Evora GT,2021,3.5,416,317,3.8,"100,450"
Porsche,Cayman GT4,2022,4,414,309,4.2,"100,200"
Acura,NSX,2021,3.5,573,476,2.7,"157,500"
Lexus,LC,2021,5,471,398,4.4,"92,950"
Alfa Romeo,Giulia Quadrifoglio,2021,2.9,505,443,3.8,"74,750"
Audi,RS7,2021,4,591,590,3.5,"114,000"
Bentley,Continental GT,2021,6,626,664,3.3,"218,400"
BMW,M5,2021,4.4,600,553,3.2,"103,500"
Chevrolet,Camaro ZL1,2021,6.2,650,650,3.5,"64,695"
Dodge,Challenger Hellcat,2021,6.2,717,656,3.5,"70,595"
Ford,GT,2022,3.5,647,550,3,"500,000"
Jaguar,F-Type R,2021,5,575,516,3.5,"103,200"
Lamborghini,Aventador,2021,6.5,730,509,2.9,"393,695"
McLaren,570S,2021,3.8,562,443,3.1,"203,500"
Mercedes-Benz,SLS AMG,2015,6.2,583,479,3.6,"221,580"
Nissan,370Z Nismo,2020,3.7,350,276,4.7,"47,190"
Porsche,Boxster,2021,2,300,280,4.9,"62,000"
Porsche,718 Cayman,2022,2,300,280,4.9,"61,500"
Lamborghini,Aventador,2021,6.5,759,531,2.9,"393,695"
Ferrari,Roma,2021,3.9,612,561,3.3,"222,630"
Audi,RS 5,2022,2.9,444,442,3.5,"75,400"
McLaren,570S,2020,3.8,562,443,3.1,"208,000"
BMW,M2,2022,3,405,406,4.2,"58,900"
Mercedes-Benz,SL,2022,3,429,384,4.9,"96,250"
Chevrolet,Camaro,2021,6.2,455,455,4,"25,000"
Ford,GT,2022,3.5,660,550,3,"500,000"
Nissan,370Z Nismo,2021,3.7,350,276,5,"45,000"
Aston Martin,DBS Superleggera,2021,5.2,715,664,3.4,"307,820"
Lotus,Evora GT,2021,3.5,416,317,3.8,"100,450"
Maserati,GranTurismo,2021,4.7,454,384,4.7,"134,300"
Porsche,Panamera,2022,2.9,325,331,5.2,"88,550"
Lamborghini,Urus,2021,4,641,627,3.6,"218,009"
Ferrari,SF90 Stradale,2021,4,986,590,2.5,"625,000"
Audi,RS 6,2022,4,591,590,3.5,"109,000"
McLaren,Artura,2022,3,671,531,3,"225,000"
Porsche,Taycan 4S,2021,Electric (93 kWh),429,472,3.8,"103,800"
Lamborghini,Aventador S,2021,6.5,730,509,2.9,"417,650"
Ferrari,SF90 Stradale,2021,4,986,590,2.5,"625,000"
Audi,RS 7,2022,4,591,590,3.5,"117,000"
McLaren,570S,2021,3.8,562,443,3.1,"192,500"
BMW,M4,2021,3,473,406,4,"72,800"
Mercedes-Benz,SLS AMG,2015,6.2,622,468,3.5,"228,000"
Chevrolet,Camaro SS,2021,6.2,455,455,4,"42,000"
Ford,GT,2021,3.5,660,550,3,"500,000"
Nissan,370Z Nismo,2021,3.7,350,276,5,"48,000"
Aston Martin,DBS Superleggera,2021,5.2,715,664,3.2,"307,820"
Lexus,LC 500,2021,5,471,398,4.4,"93,000"
Bentley,Continental GT,2021,4,626,664,3.3,"202,500"
Maserati,GranTurismo,2021,4.7,454,384,4.7,"150,980"
Tesla,Model S Plaid,2022,Electric (100 kWh),1020,1050,1.98,"131,190"
Rolls-Royce,Dawn,2021,6.6,563,605,4.3,"346,300"
Bugatti,Chiron Pur Sport,2021,8,1500,1180,2.3,"3,599,000"
McLaren,Senna,2019,4,789,590,2.7,"1,050,000"
Porsche,Panamera Turbo S E-Hybrid,2021,Hybrid (4.0),690,641,3,"186,350"
Acura,NSX,2021,3.5,573,476,2.7,"157,500"
Aston Martin,DB11,2021,4,503,498,3.7,"205,600"
Audi,RS7,2021,4,591,590,3.5,"114,000"
Bentley,Continental GT,2021,6,626,664,3.6,"201,000"
Bugatti,Chiron,2021,8,1500,1180,2.5,"3,000,000"
Chevrolet,Camaro ZL1,2022,6.2,650,650,3.5,"67,000"
Dodge,Challenger Hellcat,2021,6.2,717,656,3.5,"64,000"
Ferrari,812 Superfast,2021,6.5,789,530,2.8,"340,000"
Lamborghini,Aventador SVJ,2021,6.5,770,531,2.8,"517,770"
McLaren,600LT Spider,2021,3.8,592,457,2.8,"256,500"
Mercedes-AMG,GT Black Series,2021,4,720,590,3.1,"325,000"
Nissan,400Z,2023,3,400,350,4,"40,000"
Porsche,Cayman GT4,2021,4,414,309,4.2,"101,000"
Rimac,Nevera,2021,Electric,1914,1696,1.9,"2,400,000"
Rolls-Royce,Wraith,2021,6.8,624,605,4.4,"330,000"
Tesla,Model S Plaid,2021,Electric,1020,N/A,1.9,"139,990"
Toyota,Supra,2021,3,382,368,3.9,"43,000"
Porsche,718 Boxster,2021,2,300,280,4.9,"62,000"
Porsche,718 Boxster,2022,2,300,280,4.9,"62,000"
Lamborghini,Aventador S,2021,6.5,730,509,2.9,"417,826"
Ferrari,SF90 Stradale,2022,4,986,590,2.5,"625,000"
Audi,RS 7,2022,4,591,590,3.5,"114,000"
McLaren,Artura,2021,3,671,531,3,"225,000"
BMW,M2,2022,3,405,406,4.1,"58,900"
Mercedes-Benz,SLS AMG,2015,6.2,583,479,3.6,"221,580"
Chevrolet,Camaro ZL1,2021,6.2,650,650,3.5,"64,695"
Ford,GT,2022,3.5,647,550,3,"500,000"
Nissan,370Z Nismo,2021,3.7,350,276,4.8,"45,000"
Dodge,Charger Hellcat,2021,6.2,707,650,3.6,"69,995"
Aston Martin,DBS Superleggera,2021,5.2,715,663,3.2,"305,000"
Alfa Romeo,Giulia Quadrifoglio,2021,2.9,505,443,3.8,"75,000"
Audi,TT RS,2021,2.5,394,354,3.6,"68,000"
Bentley,Continental GT,2021,6,626,664,3.6,"203,825"
BMW,M5,2022,4.4,600,553,3.2,"103,500"
Chevrolet,Corvette Stingray,2021,6.2,495,470,2.9,"58,900"
Dodge,Challenger SRT Hellcat,2021,6.2,717,656,3.5,"63,000"
Ford,Mustang GT,2022,5,460,420,4,"45,000"
Porsche,Cayman,2022,2,300,280,4.9,"59,900"
Lamborghini,Aventador,2021,6.5,770,531,2.8,"417,826"
Ferrari,Roma,2022,3.9,612,560,3.3,"222,630"
Audi,RS7,2022,4,591,590,3.5,"114,000"
McLaren,570S,2021,3.8,562,443,2.7,"204,995"
BMW,M4,2022,3,473,406,4.1,"71,800"
Mercedes-Benz,SLS AMG,2021,6.2,622,468,3.5,"243,600"
Chevrolet,Camaro SS,2021,6.2,455,455,4,"42,000"
Ford,GT,2022,3.5,660,550,2.8,"500,000"
Nissan,370Z Nismo,2021,3.7,350,276,5,"47,190"
Porsche,Panamera,2022,2.9,325,331,5.4,"88,550"
Lamborghini,Urus,2021,4,641,627,3.2,"218,000"
Ferrari,SF90 Stradale,2021,4,986,590,2.5,"625,000"
Audi,RS6,2022,4,591,590,3.5,"113,000"
McLaren,Artura,2021,3,671,531,3,"225,000"
BMW,M2,2022,3,405,406,4,"58,900"
Mercedes-Benz,GT 63,2021,4,577,590,3.3,"161,200"
Chevrolet,Camaro ZL1,2021,6.2,650,650,3.5,"63,000"
Aston Martin,DBS Superleggera,2021,5.2,715,663,3.2,"310,000"
Bugatti,Chiron,2022,8,1500,1180,2.4,"3,000,000"
Koenigsegg,Jesko,2021,5,1280,1106,2.5,"2,800,000"
Pagani,Huayra,2021,6,764,737,3,"2,600,000"
Rimac,C_Two,2022,N/A,1914,1696,1.85,"2,400,000"
McLaren,Senna,2021,4,789,590,2.7,"1,000,000"
Porsche,918 Spyder,2015,4.6,887,944,2.2,"1,800,000"
Ferrari,SF90 Stradale,2021,4,986,590,2.5,"625,000"
Lamborghini,Aventador SVJ,2020,6.5,759,531,2.8,"517,000"
Audi,RS 6 Avant,2021,4,591,590,3.5,"110,000"
Bentley,Continental GT Speed,2022,6,650,664,3.5,"300,000"
Chevrolet,Camaro ZL1,2021,6.2,650,650,3.5,"68,000"
Dodge,Challenger SRT Hellcat,2021,6.2,717,656,3.5,"65,000"
Ford,GT,2021,3.5,660,550,2.9,"500,000"
Lexus,LC 500,2022,5,471,398,4.4,"92,000"
Lotus,Evija,2022,N/A,1972,1254,2.5,"2,700,000"
Mercedes-AMG,GT Black Series,2021,4,720,590,3.1,"330,000"
Aston Martin,DB11,2021,4,503,513,3.9,"205,000"
Bentley,Continental GT,2022,4,542,568,3.9,"229,000"
Jaguar,F-Type,2022,2,296,295,5.4,"62,750"
Lotus,Evora GT,2021,3.5,416,317,3.8,"100,000"
Maserati,GranTurismo,2021,4.7,454,384,4.7,"135,000"
Porsche,Boxster,2022,2,300,280,4.9,"63,000"
Alfa Romeo,4C,2020,1.8,237,258,4.2,"67,150"
Chevrolet,Camaro,2022,6.2,455,455,4,"62,195"
Dodge,Challenger,2022,3.6,305,268,6.4,"28,000"
Ford,GT,2022,3.5,660,550,2.9,"500,000"
Audi,RS7,2022,4,591,590,3.5,"115,045"
BMW,M4,2022,3,473,406,4.1,"71,800"
Lamborghini,Aventador,2021,6.5,729,507,2.9,"393,695"
Mercedes-Benz,AMG C 63,2021,4,469,479,3.8,"69,900"
Nissan,370Z,2021,3.7,350,276,5.3,"30,090"
Porsche,Cayman,2022,2,300,280,4.9,"68,000"
BMW,i8,2022,1.5,369,184,4.2,"147,500"
Chevrolet,Corvette Stingray,2021,6.2,495,470,2.9,"58,900"
Porsche,Taycan Turbo S,2022,Electric,750,774,2.6,"185,000"
Lamborghini,Aventador S,2021,6.5,729,507,2.9,"417,650"
Ferrari,SF90 Stradale,2022,4,986,590,2.5,"625,000"
Audi,RS7,2022,4,591,590,3.5,"115,000"
McLaren,GT,2022,4,620,465,3.1,"208,000"
BMW,M5,2022,4.4,600,553,3.2,"103,500"
Mercedes-Benz,SLS AMG,2021,4,730,590,2.9,"250,000"
Chevrolet,Camaro ZL1,2021,6.2,650,650,3.5,"63,000"
Ford,GT,2022,3.5,660,550,2.8,"500,000"
Nissan,370Z Nismo,2021,3.7,350,276,5,"46,100"
Porsche,Panamera Turbo S,2022,4,630,604,3.1,"180,000"
Lamborghini,Urus,2021,4,641,627,3.2,"218,000"
Ferrari,Portofino,2022,3.9,591,561,3.4,"250,000"
Audi,TT RS,2022,2.5,394,354,3.6,"70,000"
McLaren,570S,2021,3.8,562,443,3.1,"200,000"
BMW,i8,2022,Hybrid,369,184,4.2,"148,500"
Porsche,718 Cayman,2022,2,300,280,4.9,"61,500"
Lamborghini,Aventador,2021,6.5,770,531,2.8,"417,826"
Ferrari,Portofino,2022,3.9,612,561,3.3,"245,000"
Audi,TT RS,2022,2.5,394,354,3.6,"67,800"
McLaren,GT,2022,4,620,465,3.1,"211,300"
BMW,M4,2022,3,473,406,4.1,"71,800"
Mercedes-Benz,SLS AMG,2015,6.2,622,468,3.5,"222,500"
Chevrolet,Camaro SS,2022,6.2,455,455,4,"43,995"
Ford,GT,2022,3.5,660,550,2.9,"500,000"
Nissan,370Z Nismo,2021,3.7,350,276,4.8,"45,790"
Porsche,911 Turbo S,2022,3.8,640,590,2.6,"208,000"
McLaren,765LT,2021,4,755,590,2.8,"358,000"
Lamborghini,Urus,2021,4,641,627,3.6,"218,009"
Mercedes-AMG,GT Black Series,2021,4,720,590,3.1,"325,000"
BMW,M5 Competition,2022,4.4,617,553,3.1,"103,500"
Audi,RS7,2022,4,591,590,3.5,"115,000"
Aston Martin,Vantage,2022,4,503,505,3.5,"152,995"
Ferrari,F8 Spider,2021,3.9,710,568,2.9,"274,280"
Lexus,LC 500,2022,5,471,398,4.4,"102,550"
Porsche,Taycan,2022,N/A,469,479,3.8,"79,900"
Lamborghini,Aventador SVJ,2021,6.5,759,531,2.8,"517,770"
Ferrari,SF90 Stradale,2021,4,986,590,2.5,"625,000"
Audi,RS6 Avant,2021,4,591,590,3.5,"109,000"
McLaren,600LT Spider,2021,3.8,592,457,2.8,"256,500"
BMW,M4,2022,3,473,406,3.8,"71,800"
Mercedes-Benz,AMG GT R,2021,4,577,516,3.5,"180,000"
Chevrolet,Camaro ZL1,2021,6.2,650,650,3.5,"64,695"
Ford,GT,2022,3.5,660,550,3,"500,000"
Nissan,370Z Nismo,2021,3.7,350,276,5,"48,000"
Porsche,Panamera Turbo S E-Hybrid,2021,4,690,642,3,"190,000"
Lamborghini,Urus,2021,4,641,627,3.5,"218,000"
Ferrari,Portofino M,2021,3.9,612,561,3.4,"235,000"
Audi,TT RS,2022,2.5,394,354,3.6,"67,600"
McLaren,Artura,2022,3,671,531,3,"225,000"
BMW,M2 CS,2022,3,444,406,3.8,"84,595"
Mercedes-Benz,SLS AMG Black Series,2021,6.2,622,468,3.5,"335,000"
Chevrolet,Camaro SS,2021,6.2,455,455,4,"42,000"
Porsche,718 Boxster,2022,2,300,280,4.9,"63,000"
Lamborghini,Aventador SVJ,2020,6.5,759,531,2.8,"573,966"
Ferrari,SF90 Stradale,2022,4,986,590,2.5,"625,000"
Audi,TT RS Coupe,2022,2.5,394,354,3.5,"68,000"
McLaren,GT,2020,4,612,465,3.1,"210,000"
BMW,Z4 Roadster,2022,2,255,295,5.2,"50,000"
Mercedes-Benz,SLS AMG,2015,6.2,622,468,3.6,"200,000"
Chevrolet,Camaro SS Convertible,2022,6.2,455,455,4,"49,000"
Ford,GT,2021,3.5,660,550,2.9,"500,000"
Nissan,370Z Coupe,2020,3.7,332,270,5,"30,090"
Aston Martin,Vantage,2021,4,503,505,3.6,"142,086"
Bentley,Continental GT,2022,6,626,664,3.3,"225,000"
Bugatti,Chiron,2021,8,1479,1180,2.4,"3,000,000"
Dodge,Challenger SRT Hellcat,2022,6.2,717,656,3.5,"68,000"
Jaguar,F-Type,2022,2,296,295,5.4,"63,700"
Lotus,Evora GT,2021,3.5,416,317,3.8,"100,000"
Maserati,GranTurismo,2022,4.7,454,384,4.7,"150,980"
Aston Martin,DBS Superleggera,2021,5.2,715,664,3.2,"304,995"
Lotus,Evora GT,2021,3.5,416,317,3.8,"98,395"
Porsche,Panamera Turbo S E-Hybrid,2021,4,689,642,3,"190,000"
Lamborghini,Aventador SVJ,2021,6.5,759,531,2.8,"517,000"
Ferrari,SF90 Stradale,2021,4,986,590,2.5,"625,000"
Audi,RS7,2022,4,591,590,3.5,"117,000"
Mercedes-Benz,S63 AMG,2021,4,603,664,3.4,"168,000"
Chevrolet,Camaro ZL1,2021,6.2,650,650,3.5,"64,500"
Ford,GT,2021,3.5,660,550,2.8,"500,000"
Nissan,370Z Nismo,2021,3.7,350,276,4.7,"46,000"
Porsche,718 Cayman GT4,2022,4,414,309,4.2,"102,000"
Mercedes-AMG,C63 S Coupe,2021,4,503,516,3.7,"77,500"
Aston Martin,Vantage,2021,4,503,505,3.5,"147,000"
McLaren,570S,2021,3.8,562,443,3.1,"193,000"
BMW,M5,2022,4.4,600,553,3.2,"103,500"
Dodge,Challenger SRT Hellcat,2021,6.2,717,656,3.5,"64,000"
Lexus,LC 500,2021,5,471,398,4.4,"92,950"
Mercedes-AMG,GT 63 S,2021,4,630,664,3.1,"162,000"
Audi,TT RS,2021,2.5,394,354,3.6,"67,600"
Acura,NSX,2021,3.5,573,476,2.9,"157,500"
Porsche,Cayman GT4,2021,4,414,309,4.2,"102,000"
Lamborghini,Aventador S,2021,6.5,730,509,2.9,"417,826"
Ferrari,SF90 Stradale,2021,4,986,590,2.5,"625,000"
Audi,RS 5,2022,2.9,444,443,3.5,"76,700"
McLaren,570S Spider,2020,3.8,562,443,3.1,"208,800"
BMW,M2 Competition,2022,3,405,406,4.2,"58,900"
Mercedes-Benz,C 63 AMG,2022,4,469,479,3.9,"69,000"
Chevrolet,Camaro SS,2021,6.2,455,455,4,"42,000"
Ford,Mustang GT,2022,5,460,420,4.5,"43,000"
Dodge,Challenger R/T,2021,5.7,372,400,5.1,"35,000"
Aston Martin,Vantage,2021,4,503,505,3.6,"151,000"
Lotus,Evora GT,2021,3.5,416,317,3.8,"105,000"
Alfa Romeo,4C Spider,2020,1.7,237,258,4.1,"69,000"
Jaguar,F-Type,2022,2,296,295,5.4,"62,500"
Tesla,Roadster,2022,Electric,1000,737,1.9,"200,000"
Koenigsegg,Jesko,2022,5,1600,1106,2.5,"3,000,000"
Bugatti,Chiron Super Sport 300+,2021,8,1578,1180,2.4,"5,200,000"
Rimac,Nevera,2021,Electric,1914,1696,1.85,"2,400,000"
Porsche,Cayman GT4,2022,4,414,309,4.2,"102,100"
Chevrolet,Camaro ZL1,2022,6.2,650,650,3.5,"63,000"
Aston Martin,Vantage,2021,4,503,505,3.5,"142,086"
Alfa Romeo,Giulia Quadrifoglio,2022,2.9,505,443,3.8,"83,250"
Dodge,Challenger SRT Hellcat,2021,6.2,717,656,3.5,"65,000"
Lexus,LC 500,2022,5,471,398,4.4,"93,050"
Audi,RS 7 Sportback,2021,4,591,590,3.5,"114,000"
BMW,M4 Competition,2022,3,503,479,3.8,"74,700"
Mercedes-Benz,C63 S AMG,2022,4,503,516,3.9,"77,600"
Ford,GT,2022,3.5,660,550,2.9,"500,000"
McLaren,GT,2021,4,620,465,3.1,"210,000"
Porsche,Panamera Turbo S,2022,4,630,604,2.9,"181,100"
Lamborghini,Aventador S,2021,6.5,730,507,2.9,"417,826"
Aston Martin,DBS Superleggera,2022,5.2,715,664,3.2,"329,100"
Audi,TT RS,2022,2.5,394,354,3.6,"67,600"
Mercedes-Benz,AMG C43 Coupe,2021,3,385,384,4.5,"59,900"
BMW,i8,2022,1.5,369,184,4.2,"147,500"
Chevrolet,Corvette Stingray,2021,6.2,490,465,2.9,"59,900"
Porsche,Taycan,2022,2.0 (Electric),469,263,3.8,"81,250"
Lamborghini,Aventador,2021,6.5,730,509,2.9,"517,000"
Ferrari,Roma,2021,3.9,611,560,3.3,"222,620"
Audi,RS7,2022,4,591,590,3.5,"115,000"
McLaren,GT,2021,4,612,465,3.1,"210,000"
BMW,M2,2022,3,405,406,4.2,"58,900"
Mercedes-Benz,C63 AMG,2021,4,469,479,3.9,"77,000"
Chevrolet,Camaro SS,2021,6.2,455,455,4.1,"43,995"
Ford,Mustang Mach 1,2021,5,480,420,4.1,"51,720"
Nissan,370Z Nismo,2021,3.7,350,276,4.8,"46,610"
Porsche,Panamera,2022,2.9,325,331,5.3,"88,550"
Lamborghini,Urus,2021,4,641,627,3.6,"218,009"
Ferrari,SF90 Stradale,2021,4.0 (Hybrid),986,590,2.5,"625,000"
Audi,RS6,2022,4,591,590,3.5,"120,000"
McLaren,570S,2021,3.8,562,443,3.1,"192,500"
BMW,M4,2022,3,503,479,3.8,"74,000"
Mercedes-Benz,AMG A45,2021,2,382,354,4,"50,000"
Chevrolet,Camaro ZL1,2021,6.2,650,650,3.5,"63,995"
Acura,NSX,2021,3.5,573,476,2.7,"157,500"
Aston Martin,Vantage,2021,4,503,505,3.5,"142,086"
Bentley,Continental GT,2021,4,542,568,3.3,"202,500"
Bugatti,Chiron,2022,8,1479,1180,2.4,"2,900,000"
Ferrari,F8 Tributo,2022,3.9,710,568,2.8,"275,000"
Lamborghini,Aventador,2021,6.5,730,509,2.9,"517,000"
McLaren,GT,2021,4,612,465,3.1,"201,500"
Mercedes-Benz,AMG GT R,2021,4,577,516,3.5,"183,000"
Porsche,Taycan Turbo S,2021,Electric,750,774,2.6,"185,000"
Audi,RS7,2021,4,591,590,3.5,"114,000"
BMW,M4,2021,3,473,406,4.1,"71,800"
Chevrolet,Camaro ZL1,2021,6.2,650,650,3.5,"63,000"
Dodge,Challenger SRT Hellcat Redeye,2022,6.2,797,707,3.5,"80,190"
Ford,GT,2022,3.5,660,550,2.8,"500,000"
Jaguar,F-Type,2021,3,380,339,4.4,"62,750"
Lexus,LC 500,2021,5,471,398,4.4,"92,000"
Lotus,Evija,2021,Electric,2000,1254,2.8,"2,800,000"
Maserati,GranTurismo,2021,Electric,550,N/A,2.8,"200,000"
Nissan,370Z,2021,3.7,332,270,5,"30,090"
Rolls-Royce,Ghost,2021,6.8,563,627,4.6,"332,500"
Porsche,Taycan,2021,2,402,254,5.1,"81,250"
Aston Martin,DB11,2021,4,630,516,3.7,"198,995"
Lotus,Evora GT,2021,3.5,416,317,3.8,"105,000"
Acura,NSX,2022,3.5,573,476,2.7,"157,500"
Tesla,Roadster,2022,0,"10,000","7,376",1.9,"200,000"
Chevrolet,Camaro,2022,6.2,455,455,4,"25,000"
Dodge,Charger,2021,6.2,797,707,3.3,"72,000"
Jaguar,F-Type,2021,3,380,339,4.9,"62,750"
Lexus,LC 500,2021,5,471,398,4.4,"93,000"
BMW,M4,2022,3,473,406,4.1,"71,800"
Ford,GT,2021,3.5,660,550,2.9,"500,000"
Maserati,GranTurismo,2021,4.7,454,384,4.7,"150,980"
McLaren,600LT,2021,3.8,592,457,2.8,"256,500"
Mercedes-Benz,SLS AMG,2021,6.2,622,468,3.6,"254,995"
Nissan,370Z,2021,3.7,332,270,5.2,"30,000"
Audi,RS 7,2021,4,591,590,3.4,"114,000"
Bentley,Continental GT,2021,4,542,568,3.9,"220,000"
Bugatti,Chiron,2021,8,"1,500","1,180",2.4,"3,000,000"
Porsche,Cayman,2022,2,300,280,4.5,"59,900"
Aston Martin,Vantage,2021,4,503,505,3.5,"147,000"
Alfa Romeo,4C Spider,2020,1.7,237,258,4.1,"67,150"
Audi,RS 5,2022,2.9,444,443,3.5,"75,100"
BMW,M2,2022,3,405,406,4,"58,900"
Dodge,Challenger SRT Hellcat,2021,6.2,717,656,3.5,"60,695"
Ferrari,F8 Spider,2022,3.9,710,568,2.9,"274,390"
Jaguar,F-Type,2021,3,296,295,5.4,"64,700"
Lamborghini,Aventador,2021,6.5,759,531,2.9,"517,770"
Lexus,LC 500,2022,5,471,398,4.4,"92,950"
Lotus,Evora GT,2021,3.5,416,317,3.8,"99,990"
Maserati,GranTurismo,2021,4.7,454,384,4.7,"150,800"
McLaren,GT,2021,4,612,465,3.1,"210,000"
Mercedes-Benz,AMG C 63,2021,4,469,479,3.8,"67,600"
Nissan,370Z Nismo,2021,3.7,350,276,4.5,"45,790"
Porsche,Panamera,2022,2.9,325,331,5.3,"88,800"
Subaru,WRX STI,2021,2.5,310,290,5.2,"38,170"
Tesla,Roadster,2022,N/A,"10,000+",N/A,1.9,"200,000"
Porsche,718 Cayman,2022,2,300,280,4.9,"61,500"
Lamborghini,Aventador,2021,6.5,729,509,2.9,"393,695"
Ferrari,SF90 Stradale,2022,4,986,590,2.5,"625,000"
Audi,RS5 Coupe,2022,2.9,444,443,3.5,"76,350"
McLaren,570S,2021,3.8,562,443,3.1,"202,000"
BMW,M2,2022,3,405,406,4,"58,900"
Mercedes-Benz,SL,2022,3,429,384,4.4,"96,000"
Chevrolet,Camaro,2021,6.2,455,455,4,"25,000"
Ford,GT,2022,3.5,660,550,2.8,"500,000"
Nissan,370Z,2021,3.7,332,270,5.3,"33,000"
Alfa Romeo,Giulia Quadrifoglio,2021,2.9,505,443,3.8,"75,250"
Aston Martin,DB11,2022,4,630,516,3.7,"201,495"
Bentley,Continental GT,2021,6,626,664,3.3,"201,000"
Dodge,Challenger,2021,6.4,485,475,3.8,"62,000"
Jaguar,F-Type R,2022,5,575,516,3.5,"103,200"
Lexus,LC 500,2022,5,471,398,4.4,"92,950"
Lotus,Evora GT,2021,3.5,416,317,3.8,"99,000"
Maserati,GranTurismo,2021,4.7,454,384,4.7,"150,000"
Porsche,Cayman GT4,2021,4,414,309,4.2,"102,500"
Aston Martin,Vantage,2022,4,503,505,3.5,"149,995"
Dodge,Charger SRT Hellcat,2022,6.2,717,650,3.5,"78,595"
Audi,RS 7,2021,4,591,590,3.5,"114,000"
Chevrolet,Camaro SS,2022,6.2,455,455,4.1,"37,500"
Ford,Mustang GT,2022,5,460,420,4,"38,500"
Jaguar,F-Type R,2022,5,575,516,3.5,"103,200"
Lexus,LC 500,2022,5,471,398,4.4,"92,950"
McLaren,570S,2021,3.8,562,443,3.1,"208,800"
Mercedes-Benz,AMG C63,2022,4,469,479,3.8,"71,450"
Nissan,370Z Nismo,2021,3.7,350,276,4.9,"47,820"
Porsche,Panamera GTS,2021,4,473,457,3.9,"134,150"
Audi,TT RS,2022,2.5,394,354,3.6,"67,600"
BMW,M4,2021,3,473,406,3.8,"71,800"
Ferrari,F8 Tributo,2021,3.9,710,568,2.8,"274,280"
Lamborghini,Aventador,2021,6.5,770,531,2.9,"393,695"
McLaren,GT,2021,4,612,465,3.1,"250,000"
Mercedes-Benz,AMG GT 4-Door Coupe,2021,4,630,664,3.1,"171,200"
Aston Martin,DBS Superleggera,2022,5.2,715,663,3.4,"321,000"
Lotus,Evora GT,2021,3.5,416,317,3.8,"100,500"
Porsche,Taycan Turbo S,2021,Electric,750,774,2.6,"185,000"
McLaren,570S,2021,3.8,562,443,3.1,"195,000"
Lamborghini,Aventador SVJ,2021,6.5,759,531,2.8,"517,770"
Ford,GT,2021,3.5,660,550,3,"500,000"
Audi,RS7 Sportback,2022,4,591,590,3.5,"114,000"
BMW,M4,2022,3,473,406,4.1,"72,800"
Mercedes-AMG,C63 S,2022,4,503,516,3.7,"78,100"
Chevrolet,Camaro ZL1,2021,6.2,650,650,3.5,"63,000"
Dodge,Charger Hellcat,2021,6.2,717,650,3.6,"70,000"
Alfa Romeo,Giulia Quadrifoglio,2021,2.9,505,443,3.8,"78,450"
Tesla,Model S Plaid,2022,Electric,"1,020","1,050",1.9,"141,190"
Ferrari,SF90 Stradale,2021,4,986,590,2.5,"625,000"
Porsche,Panamera Turbo S E-Hybrid,2021,Hybrid,689,642,3,"190,000"
McLaren,Artura,2022,3,671,531,3,"225,000"
Lamborghini,Urus,2021,4,641,627,3.6,"222,000"
Ford,Mustang Mach 1,2021,5,480,420,4,"52,915"
Porsche,911,2022,3,379,331,4,"101,200"
Lamborghini,Huracan,2021,5.2,630,443,2.8,"274,390"
Ferrari,488 GTB,2022,3.9,661,561,3,"333,750"
Audi,R8,2022,5.2,562,406,3.2,"142,700"
McLaren,720S,2021,4,710,568,2.7,"298,000"
BMW,M8,2022,4.4,617,553,3.1,"130,000"
Mercedes-Benz,AMG GT,2021,4,523,494,3.8,"118,500"
Chevrolet,Corvette,2021,6.2,490,465,2.8,"59,900"
Ford,Mustang Shelby GT500,2022,5.2,760,625,3.5,"81,000"
Nissan,GT-R Nismo,2021,3.8,600,481,2.5,"212,000"
Dodge,Challenger SRT Hellcat,2021,6.2,717,656,3.5,"64,195"
Aston Martin,Vantage,2021,4,503,505,3.6,"147,000"
Bugatti,Chiron,2022,8,1500,1180,2.5,"3,900,000"
Koenigsegg,Jesko,2022,5,1280,1015,2.5,"3,000,000"
Pagani,Huayra,2021,6,764,740,2.8,"2,600,000"
Rimac,Nevera,2022,Electric,1914,1696,1.85,"2,400,000"
Lotus,Evija,2022,Electric,1973,1254,2.5,"2,000,000"
Pininfarina,Battista,2021,Electric,1872,1696,1.9,"2,500,000"
Maserati,MC20,2021,3,621,538,2.9,"210,000"
Porsche,Cayman,2021,2,300,280,5.1,"59,900"
Lamborghini,Aventador,2021,6.5,730,509,2.9,"393,695"
Ferrari,SF90 Stradale,2021,4,986,590,2.5,"625,000"
Audi,RS 5,2021,2.9,444,443,3.5,"75,100"
McLaren,GT,2022,4,612,465,3.1,"210,000"
BMW,M2,2021,3,405,406,4,"58,900"
Mercedes-Benz,SLS AMG,2021,6.3,622,468,3.6,"254,500"
Chevrolet,Camaro,2021,6.2,455,455,4,"25,000"
Ford,Mustang,2021,2.3,310,350,5.3,"27,205"
Nissan,370Z,2021,3.7,332,270,5.1,"30,090"
Aston Martin,Vantage,2021,4,503,505,3.6,"146,000"
Bugatti,Chiron,2021,8,1479,1180,2.4,"3,000,000"
Koenigsegg,Jesko,2022,5,1280,1106,2.5,"3,000,000"
Lotus,Evija,2021,Electric Motor,1972,1254,2,"2,000,000"
McLaren,Senna,2021,4,789,590,2.7,"1,000,000"
Pagani,Huayra,2021,6,764,738,3,"2,600,000"
Rimac,Nevera,2021,Electric Motor,1888,1696,1.85,"2,400,000"
